{
  "roc_auc": 0.9959595808729632,
  "classification_report": {
    "0": {
      "precision": 0.9977601965246921,
      "recall": 0.9926679365992165,
      "f1-score": 0.995207552608821,
      "support": 27823.0
    },
    "1": {
      "precision": 0.8176943699731903,
      "recall": 0.9365404298874105,
      "f1-score": 0.8730916030534351,
      "support": 977.0
    },
    "accuracy": 0.9907638888888889,
    "macro avg": {
      "precision": 0.9077272832489411,
      "recall": 0.9646041832433134,
      "f1-score": 0.9341495778311281,
      "support": 28800.0
    },
    "weighted avg": {
      "precision": 0.9916517134503581,
      "recall": 0.9907638888888889,
      "f1-score": 0.99106493862564,
      "support": 28800.0
    }
  },
  "n_samples": 144000,
  "positive_rate": 0.033916666666666664
}